Weber-Stephen CZ & SK spol. s r.o.;;;;;;;;;;;;;
;;;;;;;;;;;;;
Ceník Premium Plus 2020;;;;;;;;;;;;;
platný od 01. 10. 2019 do 30. 09. 2020;;;;;;;;;;;;;
;;;;;;;;;;;;;
;;NOVÝ;Číslo artiklu;EAN kód;Popis artiklu;Min. objednací množství;Počet kusů na paletě;NC CZK;DPC CZK;NC EUR;DPC EUR;Kategorie;NC
Dřevěné uhlí;;;;;;;;;;;;;
HOLZKOHLE;Smokey Joe;;;;;;;;;;;;
HOLZKOHLE;Smokey Joe;;1121004;0077924003134;Smokey Joe® Premium gril na dřevěné uhlí Ø 37 cm, Black;1;32; 	1 826,57 Kč ; 	2 290,00 Kč ; 	71,63 € ; 	89,99 € ;Non; 	1 410,42 Kč 
HOLZKOHLE;Smokey Joe;;1125004;0077924003820;Smokey Joe® Premium gril na dřevěné uhlí Ø 37 cm, Ivory;1;32; 	1 826,57 Kč ; 	2 290,00 Kč ; 	71,63 € ; 	89,99 € ;Non; 	1 410,42 Kč 
HOLZKOHLE;Smokey Joe;;1126804;0077924029936;Smokey Joe® Premium gril na dřevěné uhlí Ø 37 cm, Slate Blue;1;32; 	1 826,57 Kč ; 	2 290,00 Kč ; 	71,63 € ; 	89,99 € ;Non; 	1 410,42 Kč 
HOLZKOHLE;Smokey Joe;;1127704;0077924003707;Smokey Joe® Premium gril na dřevěné uhlí Ø 37 cm, Spring Green;1;32; 	1 826,57 Kč ; 	2 290,00 Kč ; 	71,63 € ; 	89,99 € ;Non; 	1 410,42 Kč 
HOLZKOHLE;Go-Anywhere;;;;;;;;;;;; 	-   Kč 
HOLZKOHLE;Go-Anywhere;;1131004;0077924029271;Go-Anywhere na dřevěné uhlí, Black;1;24; 	2 037,20 Kč ; 	2 490,00 Kč ; 	79,89 € ; 	99,99 € ;Partner; 	1 573,06 Kč 
PROMO SORTIMENT;;;;;;;;;;;;; 	-   Kč 
PROMOTIONSORTIMENT;Compact Kettle Promo sortiment;;;;;;;;;;;; 	-   Kč 
PROMOTIONSORTIMENT;Compact Kettle Promotion-Sortiment;;1221004;0077924002328;Compact Ø 47cm, Black;1;18; 	2 180,25 Kč ; 	2 790,00 Kč ; 	85,50 € ; 	109,99 € ;Non; 	1 683,52 Kč 
PROMOTIONSORTIMENT;Compact Kettle Promotion-Sortiment;;1321004;0077924002335;Compact Ø 57cm, Black;1;12; 	3 034,50 Kč ; 	3 990,00 Kč ; 	119,00 € ; 	159,99 € ;Non; 	2 343,15 Kč 
PROMOTIONSORTIMENT;Bar-B-Kettle Promo sortiment;;;;;;;;;;;; 	-   Kč 
PROMOTIONSORTIMENT;Bar-B-Kettle Promotion-Sortiment;;1231004;0077924003202;Bar-B-Kettle Ø 47 CM, Black;1;12; 	2 601,00 Kč ; 	3 290,00 Kč ; 	102,00 € ; 	129,99 € ;Special Assortment; 	2 008,41 Kč 
PROMOTIONSORTIMENT;Bar-B-Kettle Promotion-Sortiment;;1331004;0077924003233;Bar-B-Kettle Ø 57cm, Black;1;10; 	3 366,00 Kč ; 	4 390,00 Kč ; 	132,00 € ; 	169,99 € ;Special Assortment; 	2 599,12 Kč 
HOLZKOHLE;Original Kettle;;;;;;;;;;;; 	-   Kč 
HOLZKOHLE;Original Kettle;;13101004;0077924085390;Original Kettle® E-4710 gril na dřevěné uhlí Ø 47 cm, Black;1;12; 	3 672,00 Kč ; 	4 690,00 Kč ; 	144,00 € ; 	179,99 € ;Partner; 	2 835,40 Kč 
;Original Kettle;;14101004;0077924085406;Original Kettle® E-5710 gril na dřevěné uhlí Ø 57 cm, Black;1;10; 	4 360,50 Kč ; 	5 490,00 Kč ; 	171,00 € ; 	219,00 € ;Partner; 	3 367,04 Kč 
HOLZKOHLE;Master Touch;;;;;;;;;;;; 	-   Kč 
HOLZKOHLE;Master Touch;;14701004;0077924085420;Master-Touch® GBS E-5750 gril na dřevěné uhlí Ø 57 cm, Black;1;10; 	5 538,09 Kč ; 	6 990,00 Kč ; 	217,18 € ; 	279,00 € ;Partner; 	4 276,34 Kč 
HOLZKOHLE;Master Touch;;14713004;0077924085475;Master-Touch® GBS C-5750 gril na dřevěné uhlí Ø 57 cm, Slate Blue;1;10; 	6 530,55 Kč ; 	8 490,00 Kč ; 	256,10 € ; 	329,00 € ;Special Assortment; 	5 042,68 Kč 
;;;14710004;0077924085468;Master-Touch® GBS C-5750 gril na dřevěné uhlí Ø 57 cm, Smoke Grey;1;10; 	6 530,55 Kč ; 	8 490,00 Kč ; 	256,10 € ; 	329,00 € ;Special Assortment; 	5 042,68 Kč 
HOLZKOHLE;Master Touch;;17401004;0077924085451;Master-Touch® GBS Premium SE E-5775 gril na dřevěné uhlí Ø 57 cm, Black s GBS roštem Sear Grate;1;10; 	7 920,30 Kč ; 	9 990,00 Kč ; 	310,60 € ; 	399,00 € ;Premium; 	6 115,81 Kč 
HOLZKOHLE;Smoke Fire;;;;;;;;;;;; 	-   Kč 
;;NOVÝ;22511004;0077924146671;SmokeFire EX4 GBS, 61 cm, peletový gril;1;; 	24 225,00 Kč ; 	29 990,00 Kč ; 	950,00 € ; 	1 199,00 € ;Premium; 	18 705,78 Kč 
;;NOVÝ;23511004;0077924146688;SmokeFire EX6 GBS, 91 cm, peletový gril;1;; 	30 345,00 Kč ; 	37 990,00 Kč ; 	1 190,00 € ; 	1 499,00 € ;Premium; 	23 431,45 Kč 
HOLZKOHLE;Performer;;;;;;;;;;;; 	-   Kč 
;Performer;;15301004;0077924033117;Performer GBS gril na dřevěné uhlí Ø 57 cm, Black;1;5; 	8 958,92 Kč ; 	11 490,00 Kč ; 	351,33 € ; 	449,00 € ;Partner; 	6 917,80 Kč 
HOLZKOHLE;Performer;;15501004;0077924033179;Performer Deluxe GBS gril na dřevěné uhlí Ø 57 cm, Black;1;3; 	12 103,32 Kč ; 	15 490,00 Kč ; 	474,64 € ; 	599,00 € ;Partner; 	9 345,80 Kč 
HOLZKOHLE;Smokey Mountain Cooker;;;;;;;;;;;; 	-   Kč 
HOLZKOHLE;Smokey Mountain Cooker;;721004;0077924004773;Smokey Mountain Cooker Smoker Ø 47 cm, Black;1;6; 	7 780,05 Kč ; 	9 990,00 Kč ; 	305,10 € ; 	399,00 € ;Partner; 	6 007,51 Kč 
HOLZKOHLE;Smokey Mountain Cooker;;731004;0077924009167;Smokey Mountain Cooker Smoker Ø 57 cm, Black;1;2; 	9 923,33 Kč ; 	12 990,00 Kč ; 	389,15 € ; 	499,00 € ;Partner; 	7 662,48 Kč 
ELEKTRO;;;;;;;;;;;;; 	-   Kč 
ELEKTRO;Pulse;;;;;;;;;;;; 	-   Kč 
;;;81010079;0077924060489;PULSE 1000 elektrický gril,  Black;1;8; 	10 169,40 Kč ; 	12 990,00 Kč ; 	398,80 € ; 	499,00 € ;Smart; 	7 852,49 Kč 
;;;82010079;0077924060519;PULSE 2000 elektrický gril, Black;1;6; 	15 522,62 Kč ; 	21 990,00 Kč ; 	608,73 € ; 	849,00 € ;Smart; 	11 986,08 Kč 
;;;85010079;0077924060595;PULSE 2000 elektrický gril s vozíkem, Black;1;2; 	18 619,08 Kč ; 	25 490,00 Kč ; 	730,16 € ; 	999,00 € ;Smart; 	14 377,07 Kč 
ELEKTRO;Weber Q;;;;;;;;;;;; 	-   Kč 
ELEKTRO;Weber Q;;52020079;0077924024160;Weber® Q 1400 elektrický gril, Dark Grey;1;12; 	5 835,17 Kč ; 	7 990,00 Kč ; 	228,83 € ; 	299,00 € ;Partner; 	4 505,73 Kč 
ELEKTRO;Weber Q;;52020879;0077924024207;Weber® Q 1400 Stand elektrický gril, Dark Grey;1;12; 	6 912,80 Kč ; 	8 990,00 Kč ; 	271,09 € ; 	349,00 € ;Partner; 	5 337,85 Kč 
ELEKTRO;Weber Q;;55020079;0077924024429;Weber® Q 2400 elektrický gril, Dark Grey;1;6; 	8 524,14 Kč ; 	11 490,00 Kč ; 	334,28 € ; 	449,00 € ;Partner; 	6 582,07 Kč 
ELEKTRO;Weber Q;;55020879;0077924024436;Weber® Q 2400 Stand elektrický gril, Dark Grey;1;6; 	9 721,37 Kč ; 	12 990,00 Kč ; 	381,23 € ; 	499,00 € ;Partner; 	7 506,54 Kč 
Plyn;;;;;;;;;;;;; 	-   Kč 
GAS;Weber Q;;;;;;;;;;;; 	-   Kč 
GAS;;;51010075;0077924026706;Weber® Q 1200 plynový gril, Black;1;9; 	5 866,53 Kč ; 	7 990,00 Kč ; 	230,06 € ; 	299,00 € ;Partner; 	4 529,95 Kč 
GAS;Weber Q;;51012375;0077924065088;Weber® Q 1200 plynový gril, Black  (s tepelným štítem a tep. roštem);1;9; 	5 866,53 Kč ; 	7 990,00 Kč ; 	230,06 € ; 	299,00 € ;Premium; 	4 529,95 Kč 
GAS;Weber Q;;51012475;0077924065118;Weber® Q 1200 Stand plynový gril, Black  (s tepelným štítem a tep. roštem);1;9; 	6 899,79 Kč ; 	8 990,00 Kč ; 	270,58 € ; 	349,00 € ;Premium; 	5 327,80 Kč 
PROMOTIONSORTIMENT;Weber Q Promotion-Sortiment;;56010047;0077924067853;Weber Q 3000, Black;1;3; 	11 730,00 Kč ; 	15 490,00 Kč ; 	460,00 € ; 	599,00 € ;Special Assortment; 	9 057,54 Kč 
GAS;Weber Q;;57012347;0077924100550;Weber® Q 3200 Station plynový gril, Black (se šuplíkem, tep. štítem a roštem);1;3; 	12 187,73 Kč ; 	15 490,00 Kč ; 	477,95 € ; 	599,00 € ;Premium; 	9 410,98 Kč 
;Go-Anywhere;;;;;;;;;;;; 	-   Kč 
;;;1141075;0077924029240;Go-Anywhere plynový, Black;1;24; 	3 587,34 Kč ; 	4 390,00 Kč ; 	140,68 € ; 	169,99 € ;Partner; 	2 770,03 Kč 
;Spirit II;;;;;;;;;;;; 	-   Kč 
;Spirit II;;44010147;0077924077685;Spirit II E-210 GBS plynový gril, Black;1;4; 	10 455,00 Kč ; 	12 990,00 Kč ; 	410,00 € ; 	499,00 € ;Special Assortment; 	8 073,02 Kč 
;;;44000147;0077924088094;Spirit II S-210 GBS plynový gril, Stainless steel;1;4; 	12 496,28 Kč ; 	15 490,00 Kč ; 	490,05 € ; 	599,00 € ;Special Assortment; 	9 649,23 Kč 
;Spirit II;;45002147;0077924090325;Spirit II S-320 GBS plynový gril, Stainless steel;1;3; 	16 325,10 Kč ; 	19 990,00 Kč ; 	640,20 € ; 	799,00 € ;Partner; 	12 605,73 Kč 
;Spirit II;;45012147;0077924090332;Spirit II E-320 GBS plynový gril, Black;1;3; 	14 281,28 Kč ; 	17 990,00 Kč ; 	560,05 € ; 	699,00 € ;Partner; 	11 027,55 Kč 
GAS;Genesis II;;;;;;;;;;;; 	-   Kč 
GAS;Genesis II;;61011147;0077924090172;Genesis® II E-310 GBS plynový gril, Black;1;2; 	20 077,43 Kč ; 	25 490,00 Kč ; 	787,35 € ; 	999,00 € ;Partner; 	15 503,16 Kč 
GAS;Genesis II;;61051147;0077924090301;Genesis® II E-310 GBS plynový gril, Smoke Grey;1;2; 	20 077,43 Kč ; 	25 490,00 Kč ; 	787,35 € ; 	999,00 € ;Special Assortment; 	15 503,16 Kč 
GAS;Genesis II;;61001147;0077924090295;Genesis® II S-310 GBS plynový gril, Stainless steel;1;2; 	22 058,78 Kč ; 	27 990,00 Kč ; 	865,05 € ; 	1 099,00 € ;Partner; 	17 033,10 Kč 
;;;61015147;0077924090288;Genesis® II E-315 GBS plynový gril, Black;1;2; 	24 047,78 Kč ; 	29 990,00 Kč ; 	943,05 € ; 	1 199,00 € ;Special Assortment; 	18 568,94 Kč 
;Genesis II;;62011147;0077924090592;Genesis® II E-410 GBS plynový gril, Black;1;2; 	28 065,30 Kč ; 	35 990,00 Kč ; 	1 100,60 € ; 	1 399,00 € ;Partner; 	21 671,14 Kč 
;Genesis II;;62001147;0077924090271;Genesis® II S-410 GBS plynový gril, Stainless steel;1;2; 	30 092,55 Kč ; 	37 990,00 Kč ; 	1 180,10 € ; 	1 499,00 € ;Partner; 	23 236,52 Kč 
;Genesis II;;63010147;4043525630143;Genesis® II E-610 GBS plynový gril, Black;1;2; 	31 133,21 Kč ; 	43 490,00 Kč ; 	1 220,91 € ; 	1 699,00 € ;Partner; 	24 040,08 Kč 
GAS;Genesis II;;61016147;0077924090264;Genesis® II EP-335 GBS plynový gril, Black;1;2; 	28 065,30 Kč ; 	35 990,00 Kč ; 	1 100,60 € ; 	1 399,00 € ;Premium; 	21 671,14 Kč 
;;NOVÝ;;;Genesis® II EP-335 GBS plynový gril, Blue;1;2; 	28 065,30 Kč ; 	35 990,00 Kč ; 	1 100,60 € ; 	1 399,00 € ;Premium; 	21 671,14 Kč 
GAS;Genesis II;;61006147;0077924090486;Genesis® II SP-335 GBS plynový gril, Stainless steel;1;2; 	30 092,55 Kč ; 	37 990,00 Kč ; 	1 180,10 € ; 	1 499,00 € ;Premium; 	23 236,52 Kč 
GAS;Genesis II;;62006147;0077924090431;Genesis® II SP-435 GBS plynový gril, Stainless steel;1;2; 	38 127,60 Kč ; 	48 990,00 Kč ; 	1 495,20 € ; 	1 899,00 € ;Premium; 	29 440,93 Kč 
Příslušenství;;;;;;;;;;;;; 	-   Kč 
Příslušenství;Příslušenství základní;;;;;;;;;;;; 	-   Kč 
Příslušenství;Příslušenství - Basis;;6415;0077924074752;Hliníkové misky, malé, 10 ks, vhodné na grily Q™, Spirit™, Genesis®a Genesis® II s 2 a 3 hořáky;10;660; 	95,36 Kč ; 	129,00 Kč ; 	3,74 € ; 	4,99 € ;Non; 	73,63 Kč 
Příslušenství;Příslušenství - Basis;;6416;0077924074769;Hliníkové misky, velké, 10 ks, univerzální;6;240; 	195,52 Kč ; 	279,00 Kč ; 	7,67 € ; 	9,99 € ;Non; 	150,97 Kč 
Příslušenství;Příslušenství - Basis;;6417;0077924074776;Hliníkové misky,10 ks, vhodné na grily Summit™ a Genesis® II se 4 a 6 hořáky;4;320; 	343,21 Kč ; 	549,00 Kč ; 	13,46 € ; 	19,99 € ;Partner; 	265,02 Kč 
Příslušenství;Příslušenství - Basis;;6454;0077924007606;Hliníkové misky, XL, 5 ks, pro kotlové grily od velikosti 57 cm;5;280; 	168,21 Kč ; 	249,00 Kč ; 	6,60 € ; 	8,99 € ;Non; 	129,89 Kč 
Příslušenství;Příslušenství - Basis;;6645;0077924011191;Grilovací náčiní Premium,2 ks, ušlechtilá ocel, černé;4;220; 	728,48 Kč ; 	999,00 Kč ; 	28,57 € ; 	39,99 € ;Non; 	562,51 Kč 
Příslušenství;Příslušenství - Basis;;6625;0077924011863;Grilovací náčiní Premium, ušlechtilá ocel, černé, 2 ks;4;160; 	817,82 Kč ; 	1 190,00 Kč ; 	32,07 € ; 	44,99 € ;Non; 	631,49 Kč 
Příslušenství;Příslušenství - Basis;;6630;0077924011870;Grilovací náčiní Premium, ušlechtilá ocel, černé, 3 ks;4;140; 	1 087,43 Kč ; 	1 590,00 Kč ; 	42,64 € ; 	59,99 € ;Non; 	839,68 Kč 
Příslušenství;Příslušenství - Basis;;6673;0077924018398;Obracečka Premium, ušlechtilá ocel, černá;4;140; 	487,11 Kč ; 	649,00 Kč ; 	19,10 € ; 	24,99 € ;Non; 	376,13 Kč 
Příslušenství;Příslušenství - Reinigung;;6495;0077924018961;Grilovací kartáč, ideální pro litinové rošty;12;864; 	180,92 Kč ; 	279,00 Kč ; 	7,10 € ; 	9,99 € ;Non; 	139,70 Kč 
Příslušenství;Příslušenství - Reinigung;;6463;0077924006821;Grilovací kartáč, s bambusovou rukojetí, 30 cm, štětiny z ušlechtilé oceli ;12;1320; 	146,90 Kč ; 	199,00 Kč ; 	5,76 € ; 	7,99 € ;Non; 	113,43 Kč 
Příslušenství;Příslušenství - Reinigung;;6464;0077924006838;Grilovací kartáč, s bambusovou rukojetí, 46 cm, štětiny z ušlechtilé oceli  ;12;840; 	186,53 Kč ; 	279,00 Kč ; 	7,31 € ; 	9,99 € ;Non; 	144,03 Kč 
Příslušenství;Příslušenství - Reinigung;;6494;0077924018954;Grilovací kartáč,trojstranný, 30 cm, štětiny z ušlechtilé oceli;12;720; 	227,49 Kč ; 	349,00 Kč ; 	8,92 € ; 	12,99 € ;Non; 	175,66 Kč 
Příslušenství;Příslušenství - Reinigung;;6493;0077924018947;Grilovací kartáč, trojstranný, 53 cm, štětiny z ušlechtilé oceli;12;408; 	262,96 Kč ; 	399,00 Kč ; 	10,31 € ; 	14,99 € ;Non; 	203,05 Kč 
Příslušenství;Příslušenství - Basis;;6669;0077924011153;Sada grilovacích rukavic Premium, velikost S/M, černé, žáruvzdorné;6;630; 	898,89 Kč ; 	1 290,00 Kč ; 	35,25 € ; 	49,99 € ;Non; 	694,09 Kč 
Příslušenství;Příslušenství - Basis;;6670;0077924012006;Sada grilovacích rukavic Premium, velikost L/XL, černé, žáruvzdorné;6;630; 	902,09 Kč ; 	1 290,00 Kč ; 	35,38 € ; 	49,99 € ;Non; 	696,57 Kč 
;;NOVÝ;17896;0077924122682;Grilovací rukavice z kůže;10;; 	546,47 Kč ; 	799,00 Kč ; 	21,43 € ; 	29,99 € ;Non; 	421,97 Kč 
;;NOVÝ;17897;0077924122705;Ochranná podložka pod gril;28;; 	546,47 Kč ; 	799,00 Kč ; 	21,43 € ; 	29,99 € ;Non; 	421,97 Kč 
Příslušenství;Příslušenství - Basis;;6472;0077924011887;Rukavice Premium, černá, s červeným kotlem;6;600; 	276,03 Kč ; 	399,00 Kč ; 	10,82 € ; 	14,99 € ;Non; 	213,14 Kč 
Příslušenství;Příslušenství - Basis;;6474;0077924011894;Zástěra, černá, lze upravit popruh;6;768; 	379,83 Kč ; 	549,00 Kč ; 	14,90 € ; 	19,99 € ;Non; 	293,29 Kč 
Příslušenství;Příslušenství - pro dokonalé chvilky Küchenhelfer;;6661;0077924011818;Štětec na potírání - se silikonovými štětinami;6;540; 	202,43 Kč ; 	279,00 Kč ; 	7,94 € ; 	9,99 € ;Non; 	156,31 Kč 
Příslušenství;Příslušenství měření a sledování teploty;;;;;;;;;;;; 	-   Kč 
Příslušenství;iGrill;;7220;0077924052446;iGrill mini;5;700; 	1 327,99 Kč ; 	1 790,00 Kč ; 	52,08 € ; 	69,99 € ;Non; 	1 025,43 Kč 
Příslušenství;iGrill;;7221;0077924052453;iGrill 2;5;360; 	2 435,64 Kč ; 	3 290,00 Kč ; 	95,52 € ; 	129,99 € ;Non; 	1 880,72 Kč 
Příslušenství;iGrill;;7205;0077924052149;iGrill™ 3, vhodný pro všechny modely Genesis II a Spirit II;5;280; 	2 246,55 Kč ; 	2 990,00 Kč ; 	88,10 € ; 	119,99 € ;Non; 	1 734,72 Kč 
;iGrill;;7211;0077924052170;iGrill jehla pro měření teploty masa (lze přidat k iGrill 2 a 3, náhradní sonda pro iGrill mini);5;1600; 	380,72 Kč ; 	549,00 Kč ; 	14,93 € ; 	19,99 € ;Non; 	293,98 Kč 
Příslušenství;iGrill;;7212;0077924052187;iGrill jehla pro měření teploty roštu (lze přidat k iGrill 2 a 3, náhradní sonda pro iGrill mini);5;1600; 	380,72 Kč ; 	549,00 Kč ; 	14,93 € ; 	19,99 € ;Non; 	293,98 Kč 
Příslušenství;Příslušenství - Basis;;6750;0077924048395;Digitální kapesní termosonda;6;1116; 	406,16 Kč ; 	549,00 Kč ; 	15,93 € ; 	19,99 € ;Non; 	313,62 Kč 
;;NOVÝ;3202;0077924129636;Weber Connect Smart Grilling Hub;4;; 	2 422,50 Kč ; 	3 290,00 Kč ; 	95,00 € ; 	129,99 € ;Non; 	1 870,58 Kč 
;;NOVÝ;7240;0077924114724;Držák na iGrill;4;; 	195,59 Kč ; 	279,00 Kč ; 	7,67 € ; 	9,99 € ;Non; 	151,03 Kč 
Příslušenství;Příslušenství Gourmet BBQ systém;;;;;;;;;;;; 	-   Kč 
;Příslušenství - pro dokonalé chvilky GBS;;8834;0077924004353;Litinový rošt Sear Grate, litina, vhodný na Gourmet BBQ System™;1;102; 	1 084,88 Kč ; 	1 590,00 Kč ; 	42,54 € ; 	59,99 € ;Partner; 	837,71 Kč 
;Příslušenství - pro dokonalé chvilky GBS;;8842;0077924034046;Litinový hrnec, litina, vhodný pro Gourmet BBQ System™;1;48; 	2 552,92 Kč ; 	3 290,00 Kč ; 	100,11 € ; 	129,99 € ;Partner; 	1 971,28 Kč 
Příslušenství;Příslušenství - pro dokonalé chvilky GBS;;8836;0077924013287;Kámen na pizzu, vhodný pro Gourmet BBQ System™;1;60; 	1 120,57 Kč ; 	1 590,00 Kč ; 	43,94 € ; 	59,99 € ;Partner; 	865,27 Kč 
;Příslušenství - pro dokonalé chvilky GBS;;7421;0077924004124;Pánev, litina, vhodná pro Gourmet BBQ System™;1;102; 	1 093,79 Kč ; 	1 590,00 Kč ; 	42,89 € ; 	59,99 € ;Partner; 	844,59 Kč 
Příslušenství;Příslušenství - pro dokonalé chvilky GBS;;8838;0077924019036;Stojan na drůbež, ušlechtilá ocel, vhodný pro Gourmet BBQ System™;1;74; 	1 290,01 Kč ; 	1 790,00 Kč ; 	50,59 € ; 	69,99 € ;Partner; 	996,11 Kč 
;Příslušenství - pro dokonalé chvilky GBS;;8856;0077924052347;Wok, litina, vhodný pro Gourmet BBQ System™. Obsahuje také poklop a pařák;1;27; 	1 967,58 Kč ; 	2 490,00 Kč ; 	77,16 € ; 	99,99 € ;Partner; 	1 519,30 Kč 
Příslušenství;Příslušenství - pro dokonalé chvilky GBS;;8849;0077924041297;Vaflovač/sendvičovač, litina, vhodný na Gourmet BBQ System™;1;72; 	2 506,51 Kč ; 	3 290,00 Kč ; 	98,29 € ; 	129,99 € ;Partner; 	1 935,45 Kč 
Příslušenství;Příslušenství - pro dokonalé chvilky GBS;;8845;0077924037221;Podložka na odkládání, ideální pro bezpečné odkládání horkých komponentů Gourmet BBQ System™;4;352; 	797,72 Kč ; 	999,00 Kč ; 	31,28 € ; 	39,99 € ;Partner; 	615,97 Kč 
Příslušenství;Příslušenství - pro dokonalé chvilky GBS;;8844;0077924037160;Zvedač roštů, Gourmet BBQ System™;4;248; 	486,91 Kč ; 	649,00 Kč ; 	19,09 € ; 	24,99 € ;Partner; 	375,98 Kč 
Příslušenství;Příslušenství čistící program;;;;;;;;;;;; 	-   Kč 
Příslušenství;Příslušenství - Reinigung;;17685;0077924051357;Weber® sprej na promazání roštů, 200 ml;12;1008; 	169,04 Kč ; 	199,00 Kč ; 	6,63 € ; 	7,99 € ;Non; 	130,53 Kč 
;;NOVÝ;17874;0077924119859;Čistič na Q & Pulse;12;; 	199,67 Kč ; 	279,00 Kč ; 	7,83 € ; 	9,99 € ;Non; 	154,18 Kč 
;;NOVÝ;17875;0077924119866;Čistič roštů;12;; 	199,67 Kč ; 	279,00 Kč ; 	7,83 € ; 	9,99 € ;Non; 	154,18 Kč 
;;NOVÝ;17889;0077924122675;Ochranný sprej na litinové rošty a nádobí;12;; 	169,07 Kč ; 	199,00 Kč ; 	6,63 € ; 	7,99 € ;Non; 	130,55 Kč 
Příslušenství;Příslušenství - Reinigung;;17682;0077924051326;Čistič na ušlechtilou ocel, 300 ml;12;792; 	199,08 Kč ; 	279,00 Kč ; 	7,81 € ; 	9,99 € ;Non; 	153,72 Kč 
Příslušenství;Příslušenství - Reinigung;;17684;0077924051340;Čistič laku, 300 ml;12;792; 	199,27 Kč ; 	279,00 Kč ; 	7,81 € ; 	9,99 € ;Non; 	153,87 Kč 
Příslušenství;Příslušenství - Reinigung;;17688;0077924051395;Houbička;12;624; 	65,31 Kč ; 	79,00 Kč ; 	2,56 € ; 	2,99 € ;Non; 	50,43 Kč 
Příslušenství;Příslušenství - Reinigung;;17689;0077924051418;Hadřík z mikrovlákna;12;1140; 	61,86 Kč ; 	79,00 Kč ; 	2,43 € ; 	2,99 € ;Non; 	47,77 Kč 
Příslušenství;Příslušenství - Reinigung;;6201;0077924031847;Čistící špachtle, ideální pro čištění grilovací vany všech modelů grilu Q™  ;12;2400; 	163,25 Kč ; 	279,00 Kč ; 	6,40 € ; 	9,99 € ;Non; 	126,06 Kč 
Příslušenství;Příslušenství - Reinigung;;6202;0077924031854;Sada na čištění plynových grilů, ideální pro údržbu všech plynových grilů, obsahuje špachtli a kartáček;6;1230; 	220,76 Kč ; 	299,00 Kč ; 	8,66 € ; 	11,99 € ;Non; 	170,46 Kč 
;;NOVÝ;6206;0077924122835;Obracečka na planchu;4;; 	469,20 Kč ; 	649,00 Kč ; 	18,40 € ; 	24,99 € ;Non; 	362,30 Kč 
;;NOVÝ;6207;0077924122842;Škrabka na planchu;6;; 	378,68 Kč ; 	549,00 Kč ; 	14,85 € ; 	19,99 € ;Non; 	292,40 Kč 
;;NOVÝ;6208;0077924122859;Pinzeta na grilování;5;; 	471,75 Kč ; 	649,00 Kč ; 	18,50 € ; 	24,99 € ;Non; 	364,27 Kč 
;;NOVÝ;6209;0077924122866;Drátěnka s dávkovačem na planchu;12;; 	168,05 Kč ; 	279,00 Kč ; 	6,59 € ; 	9,99 € ;Non; 	129,76 Kč 
;;NOVÝ;6210;0077924122873;Náhradní drátěnka na planchu;6;; 	83,90 Kč ; 	129,00 Kč ; 	3,29 € ; 	4,99 € ;Non; 	64,78 Kč 
Příslušenství;Příslušenství pro grily na dřevěné uhlí;;;;;;;;;;;; 	-   Kč 
Příslušenství;Příslušenství - Basis gril na dřevěné uhlí;;17631;0077924041068;Zapalovací komín sada;4;48; 	621,63 Kč ; 	799,00 Kč ; 	24,38 € ; 	29,99 € ;Non; 	480,00 Kč 
Příslušenství;Příslušenství - Basis gril na dřevěné uhlí;;17631;0077924041068;Zapalovací komín sada displej;24;48; 	621,63 Kč ; 	799,00 Kč ; 	24,38 € ; 	29,99 € ;Non; 	480,00 Kč 
Příslušenství;Příslušenství - Basis gril na dřevěné uhlí;;7447;0077924019494;Rapidfire™ zapalovací komín, malý, ideální pro modely Smokey Joe™ a Go-Anywhere™;4;144; 	367,97 Kč ; 	549,00 Kč ; 	14,43 € ; 	19,99 € ;Non; 	284,13 Kč 
;Příslušenství - Basis gril na dřevěné uhlí;;17824;0077924079023;Premium dřevěné uhlí -  3kg;90;90; 	148,41 Kč ; 	179,00 Kč ; 	5,82 € ; 	6,99 € ;Non; 	114,60 Kč 
;Příslušenství - Basis gril na dřevěné uhlí;;17825;0077924079030;Premium dřevěné uhlí -  5 kg;54;54; 	212,42 Kč ; 	279,00 Kč ; 	8,33 € ; 	9,99 € ;Non; 	164,02 Kč 
;Příslušenství - Basis gril na dřevěné uhlí;;17826;0077924079047;Premium dřevěné uhlí -  10 kg;24;24; 	403,67 Kč ; 	499,00 Kč ; 	15,83 € ; 	18,99 € ;Non; 	311,70 Kč 
Příslušenství;Příslušenství - Basis gril na dřevěné uhlí;;17590;0077924036538;Weber® brikety, 4 kg;130;130; 	191,00 Kč ; 	249,00 Kč ; 	7,49 € ; 	8,99 € ;Non; 	147,48 Kč 
Příslušenství;Příslušenství - Basis gril na dřevěné uhlí;;17591;0077924036545;Weber® brikety, 8 kg;66;66; 	339,79 Kč ; 	399,00 Kč ; 	13,33 € ; 	15,99 € ;Non; 	262,38 Kč 
Příslušenství;Příslušenství - Basis gril na dřevěné uhlí;NOVÝ;17945;0077924128769;Podpalovací kostky bílé;20;; 	77,78 Kč ; 	99,00 Kč ; 	3,05 € ; 	3,99 € ;Non; 	60,06 Kč 
Příslušenství;Příslušenství - Basis gril na dřevěné uhlí;;17612;0077924039270;Podpalovací kostky hnědé - ekologické 48 ks v balení;15;540; 	75,23 Kč ; 	99,00 Kč ; 	2,95 € ; 	3,99 € ;Non; 	58,09 Kč 
Příslušenství;Příslušenství - pro dokonalé chvilky Drehspieße;;7494;0077924013072;Otáčecí špíz, vhodný na grily na dřevěné uhlí o velikosti 57 cm;1;16; 	3 884,28 Kč ; 	4 990,00 Kč ; 	152,32 € ; 	199,99 € ;Partner; 	2 999,32 Kč 
Příslušenství;Příslušenství - Basis gril na dřevěné uhlí;;17638;0077924041136;Postranní bambusový stolek ke kotlovým grilům;4;84; 	1 457,27 Kč ; 	1 790,00 Kč ; 	57,15 € ; 	69,99 € ;Partner; 	1 125,26 Kč 
Příslušenství;Příslušenství - Basis gril na dřevěné uhlí;;7403;0077924073830;Palivové nádoby Char-Basket, vhodné pro grily na dřevěné uhlí o velikosti 57 cm a vyšší verze, 2 ks;4;96; 	453,09 Kč ; 	649,00 Kč ; 	17,77 € ; 	24,99 € ;Non; 	349,86 Kč 
Příslušenství;Příslušenství - Basis gril na dřevěné uhlí;;7401;0077924068645;Závěsná lišta na náčiní, vhodná pro grily na dřevěné uhlí o velikosti 47 cm a 57 cm;6;840; 	172,22 Kč ; 	279,00 Kč ; 	6,75 € ; 	9,99 € ;Partner; 	132,98 Kč 
Příslušenství;Příslušenství - Basis gril na dřevěné uhlí;;7402;0077924072369;Palivové přepážky, vhodné pro grily na dřevěné uhlí o velikosti 47 cm a vyšší verze, 2 ks;10;440; 	251,92 Kč ; 	399,00 Kč ; 	9,88 € ; 	14,99 € ;Non; 	194,52 Kč 
Příslušenství;Příslušenství pro grily Weber Smoke Fire;;;;;;;;;;;; 	-   Kč 
;;NOVÝ;190101;0077924129742;Weber SmokeFire dřevěné přírodní pelety – Směs Grill Academy, 9 kg;1;; 	420,75 Kč ; 	549,00 Kč ; 	16,50 € ; 	19,99 € ;Non; 	324,89 Kč 
;;NOVÝ;190102;0077924129759;Weber SmokeFire dřevěné přírodní pelety – Hickory, 9 kg;1;; 	420,75 Kč ; 	549,00 Kč ; 	16,50 € ; 	19,99 € ;Non; 	324,89 Kč 
;;NOVÝ;190104;0077924129766;Weber SmokeFire dřevěné přírodní pelety – Jabloň, 9 kg;1;; 	420,75 Kč ; 	549,00 Kč ; 	16,50 € ; 	19,99 € ;Non; 	324,89 Kč 
;;NOVÝ;7192;0077924129674;Ochranný obal Smoke Fire 24 In;3;; 	1 968,35 Kč ; 	2 990,00 Kč ; 	77,19 € ; 	119,99 € ;Premium; 	1 519,90 Kč 
;;NOVÝ;7193;0077924129681;Ochranný obal Smoke Fire 36 In;2;; 	2 437,29 Kč ; 	3 890,00 Kč ; 	95,58 € ; 	149,99 € ;Premium; 	1 882,00 Kč 
;;NOVÝ;6498;0077924129810;Hliníkové misky pro Smoke Fire peletový gril/Summit;4;; 	336,09 Kč ; 	549,00 Kč ; 	13,18 € ; 	19,99 € ;Non; 	259,52 Kč 
Příslušenství;Příslušenství pro grily Weber Q;;;;;;;;;;;; 	-   Kč 
Příslušenství;;;17514;0077924012549;Plynová kartuše;12;792; 	184,37 Kč ; 	279,00 Kč ; 	7,23 € ; 	9,99 € ;Non; 	142,36 Kč 
Příslušenství;Příslušenství - Basis Weber Q;;6527;0077924029585;Postranní poličky, vhodný na grily Q™ 100/1000 série, sada 2 ks;1;172; 	837,84 Kč ; 	1 290,00 Kč ; 	32,86 € ; 	49,99 € ;Partner; 	646,95 Kč 
Příslušenství;Příslušenství - Basis Weber Q;;6523;0077924025976;Stojan, vhodný na grily Q™ 1000 a 2000 série;1;28; 	2 453,87 Kč ; 	2 990,00 Kč ; 	96,23 € ; 	119,99 € ;Partner; 	1 894,80 Kč 
Příslušenství;Příslušenství - pro dokonalé chvilky Drehspieße;;17560;0077924029523;Weber® Q™ Otáčecí špíz, vhodný na grily Q™ 100/1000 série;2;56; 	3 215,23 Kč ; 	3 890,00 Kč ; 	126,09 € ; 	149,99 € ;Partner; 	2 482,70 Kč 
Příslušenství;Příslušenství - pro dokonalé chvilky Drehspieße;;17561;0077924029547;Weber® Q™ Otáčecí špíz, vhodný na grily Q™ 200/2000 série;2;48; 	3 636,29 Kč ; 	4 390,00 Kč ; 	142,60 € ; 	169,99 € ;Partner; 	2 807,83 Kč 
Příslušenství;Příslušenství - pro dokonalé chvilky Drehspieße;;17524;0077924013720;Weber® Q™ Otáčecí špíz, vhodný na grily Q™ 300/3000 série;2;36; 	4 137,64 Kč ; 	4 990,00 Kč ; 	162,26 € ; 	199,99 € ;Partner; 	3 194,96 Kč 
Příslušenství;Příslušenství - Basis Weber Q;;6557;0077924021619;Pojízdný vozík, vhodný na grily Q™ 1000/2000 série;1;13; 	2 685,80 Kč ; 	3 890,00 Kč ; 	105,33 € ; 	149,99 € ;Partner; 	2 073,89 Kč 
Příslušenství;Příslušenství - pro dokonalé chvilky;;6558;0077924021640;Tál, litina, Q™ 1000 série;1;200; 	880,08 Kč ; 	1 290,00 Kč ; 	34,51 € ; 	49,99 € ;Partner; 	679,57 Kč 
Příslušenství;Příslušenství - pro dokonalé chvilky;;6559;0077924021633;Tál, litina, Q™ 2000 série;1;140; 	1 158,00 Kč ; 	1 690,00 Kč ; 	45,41 € ; 	64,99 € ;Partner; 	894,17 Kč 
Příslušenství;Příslušenství - pro dokonalé chvilky;;6506;0077924075063;Tál, litina, Q™ 300/3000 série;1;64; 	1 308,68 Kč ; 	1 790,00 Kč ; 	51,32 € ; 	69,99 € ;Partner; 	1 010,52 Kč 
Příslušenství;Příslušenství pro plynové grily;;;;;;;;;;;; 	-   Kč 
Příslušenství;Příslušenství - pro dokonalé chvilky ETGS;;7615;0077924021336;Stojan na grilování a sada špízů, Elevations™ Tiered Cooking System - špízy, ušlechtilá ocel, vhodný pro grily Spirit™ 300 série, Genesis® , Genesis® II s 3 hořáky a vyšší verze a také na grily Summit™. Obsahuje 8 špízů.;1;105; 	1 114,46 Kč ; 	1 590,00 Kč ; 	43,70 € ; 	59,99 € ;Partner; 	860,55 Kč 
;Příslušenství - pro dokonalé chvilky ETGS;;7617;0077924021374;Přídavný rošt, ušlechtilá ocel, hodí se na modely ETCS a Genesis® II LX;4;400; 	430,23 Kč ; 	649,00 Kč ; 	16,87 € ; 	24,99 € ;Partner; 	332,21 Kč 
;Příslušenství - pro dokonalé chvilky ETGS;;7616;0077924021343;Sada grilovacích košů, ušlechtilá ocel, hodí se na modely ETCS a Genesis® II LX;4;500; 	570,22 Kč ; 	799,00 Kč ; 	22,36 € ; 	29,99 € ;Partner; 	440,31 Kč 
Příslušenství;Příslušenství - pro dokonalé chvilky ETGS;;7618;0077924021398;Sada špízů, 4 ks, ušlechtilá ocel, hodí se na modely ETCS a Genesis® II LX;4;960; 	442,57 Kč ; 	649,00 Kč ; 	17,36 € ; 	24,99 € ;Partner; 	341,74 Kč 
Příslušenství;Příslušenství - pro dokonalé chvilky Drehspieße;;8519;0077924059094;WEBER® otáčecí špíz SPIRIT™ 2XX/3XX;1;120; 	2 825,85 Kč ; 	3 890,00 Kč ; 	110,82 € ; 	149,99 € ;Partner; 	2 182,03 Kč 
Příslušenství;Příslušenství - pro dokonalé chvilky Drehspieße;;7654;0077924052088;Weber® otáčecí špíz, vhodný na grily Genesis® II s 2 a 3 hořáky a Genesis® 300 série;1;104; 	3 052,88 Kč ; 	4 690,00 Kč ; 	119,72 € ; 	179,99 € ;Partner; 	2 357,34 Kč 
Příslušenství;Příslušenství - pro dokonalé chvilky Drehspieße;;7655;0077924052095;Weber® otáčecí špíz, vhodný na grily Genesis® II se 4 a 6 hořáky ;1;70; 	3 106,63 Kč ; 	4 690,00 Kč ; 	121,83 € ; 	179,99 € ;Partner; 	2 398,84 Kč 
;;;7597;0077924019135;Grilovací tál Spirit™ litinový 2XX (modely od 2013);1;80; 	1 614,71 Kč ; 	2 290,00 Kč ; 	63,32 € ; 	89,99 € ;Partner; 	1 246,83 Kč 
;;;7598;0077924019142;Litinový oboustranný tál litinový pro Spirit 300-série (modely od 2013);1;110; 	1 802,77 Kč ; 	2 490,00 Kč ; 	70,70 € ; 	99,99 € ;Partner; 	1 392,04 Kč 
;;;7579;0077924019173;Weber® tál Spirit/Spirit II 300 série;1;32; 	1 858,19 Kč ; 	2 490,00 Kč ; 	72,87 € ; 	99,99 € ;Partner; 	1 434,84 Kč 
Příslušenství;Příslušenství - pro dokonalé chvilky;;7651;0077924049910;Weber® litinový rošt Sear Grate, litina, vhodný na grily Genesis® II se 4 a 6 hořáky;1;112; 	1 673,63 Kč ; 	2 490,00 Kč ; 	65,63 € ; 	99,99 € ;Partner; 	1 292,32 Kč 
Příslušenství;Příslušenství - pro dokonalé chvilky;;7650;0077924049903;Weber® tál Genesis® II se 4 a 6 hořáky, litinový;1;52; 	1 866,11 Kč ; 	2 490,00 Kč ; 	73,18 € ; 	99,99 € ;Partner; 	1 440,95 Kč 
Příslušenství;Příslušenství - Basis plynový grils;NOVÝ;7662;0077924114069;Univerzální světlo na madlo;4;; 	947,58 Kč ; 	1 290,00 Kč ; 	37,16 € ; 	49,99 € ;Partner; 	731,69 Kč 
;;NOVÝ;7663;0077924114076;Světlo na madlo pro grily Weber Q;4;; 	970,79 Kč ; 	1 290,00 Kč ; 	38,07 € ; 	49,99 € ;Partner; 	749,61 Kč 
Příslušenství;Příslušenství pro grily Pulse;;;;;;;;;;;; 	-   Kč 
;;;7660;0077924059162;Otáčecí špíz Pulse 1000 a 2000;1;80; 	3 904,05 Kč ; 	4 990,00 Kč ; 	153,10 € ; 	199,99 € ;Smart; 	3 014,58 Kč 
Příslušenství;Příslušenství - pro dokonalé chvilky;;6609;0077924059155;Grilovací tál univerzální Pulse 1000 a 2000;1;90; 	1 171,22 Kč ; 	1 590,00 Kč ; 	45,93 € ; 	59,99 € ;Partner; 	904,38 Kč 
;Příslušenství - pro dokonalé chvilky;;8831;0077924059186;Premium Kámen na pizzu kulatý Ø 26 cm;4;192; 	795,35 Kč ; 	999,00 Kč ; 	31,19 € ; 	39,99 € ;Partner; 	614,14 Kč 
Příslušenství;Příslušenství - pro dokonalé chvilky;;8830;0077924062681;Premium Kámen na pizzu kulatý Ø 36 cm;3;87; 	1 000,88 Kč ; 	1 290,00 Kč ; 	39,25 € ; 	49,99 € ;Partner; 	772,85 Kč 
;;NOVÝ;6539;0077924059148;Vozík pro Pulse, vhodný pro Pulse 1000/2000;1;12; 	3 999,68 Kč ; 	4 990,00 Kč ; 	156,85 € ; 	199,99 € ;Smart; 	3 088,43 Kč 
Příslušenství;Příslušenství ochranné obaly;;;;;;;;;;;; 	-   Kč 
Příslušenství;Příslušenství - Basis gril na dřevěné uhlí;;7141;0077924031908;Ochranný obal Premium, vhodný pro grily na dřevěné uhlí o velikosti 47 cm;4;300; 	989,88 Kč ; 	1 590,00 Kč ; 	38,82 € ; 	59,99 € ;Partner; 	764,35 Kč 
Příslušenství;Příslušenství - Basis gril na dřevěné uhlí;;7143;0077924031939;Ochranný obal Premium, vhodný pro Original Kettle™ Premium o velikosti 57 cm a grily na dřevěné uhlí Master-Touch™ ;4;280; 	1 158,08 Kč ; 	1 790,00 Kč ; 	45,41 € ; 	69,99 € ;Partner; 	894,23 Kč 
;Příslušenství - Basis gril na dřevěné uhlí;;7186;0077924086571;Ochranný obal Premium pro Master-Touch Premium 57 cm;4;280; 	1 158,08 Kč ; 	1 790,00 Kč ; 	45,41 € ; 	69,99 € ;Partner; 	894,23 Kč 
Příslušenství;Příslušenství - Basis gril na dřevěné uhlí;;7145;0077924031977;Ochranný obal Premium, vhodný na model Performer™;3;300; 	1 623,68 Kč ; 	2 490,00 Kč ; 	63,67 € ; 	99,99 € ;Partner; 	1 253,75 Kč 
Příslušenství;Příslušenství - Basis gril na dřevěné uhlí;;7146;0077924032011;Ochranný obal Premium, vhodný na modely Performer™ Premium a Deluxe;3;300; 	1 638,07 Kč ; 	2 490,00 Kč ; 	64,24 € ; 	99,99 € ;Partner; 	1 264,87 Kč 
Příslušenství;Příslušenství - Basis Weber Q;;7117;0077924035647;Ochranný obal Premium, vhodný na grily Q™ 100/1000 série;4;672; 	503,31 Kč ; 	799,00 Kč ; 	19,74 € ; 	29,99 € ;Partner; 	388,64 Kč 
Příslušenství;Příslušenství - Basis Weber Q;;7118;0077924035654;Ochranný obal Premium, vhodný na grily Q™ 200/2000 série;4;672; 	583,87 Kč ; 	899,00 Kč ; 	22,90 € ; 	34,99 € ;Partner; 	450,85 Kč 
Příslušenství;Příslušenství - Basis Weber Q;;7120;0077924035692;Ochranný obal Premium, vhodný na grily Q™ 100/1000 a 200/2000 za použití stojanu nebo vozíku;4;336; 	1 076,85 Kč ; 	1 790,00 Kč ; 	42,23 € ; 	69,99 € ;Partner; 	831,51 Kč 
Příslušenství;Příslušenství - Basis Weber Q;;7184;0077924059254;Ochranný obal Premium Q 300/3000 série;4;320; 	1 365,96 Kč ; 	1 990,00 Kč ; 	53,57 € ; 	79,99 € ;Partner; 	1 054,75 Kč 
;Příslušenství - Basis plynový grils;;7182;0077924059230;Ochranný obal Premium Spirit II 200;3;198; 	1 659,49 Kč ; 	2 490,00 Kč ; 	65,08 € ; 	99,99 € ;Partner; 	1 281,41 Kč 
;Příslušenství - Basis plynový grils;;7183;0077924059247;Ochranný obal Premium Spirit II 300;3;195; 	1 968,24 Kč ; 	2 990,00 Kč ; 	77,19 € ; 	119,99 € ;Partner; 	1 519,81 Kč 
Příslušenství;Příslušenství - Basis plynový grils;;7134;0077924049873;Ochranný obal Premium pro Genesis a Genesis II 300-série;3;324; 	2 120,97 Kč ; 	3 290,00 Kč ; 	83,18 € ; 	129,99 € ;Partner; 	1 637,75 Kč 
Příslušenství;Příslušenství - Basis plynový grils;;7135;0077924049880;Ochranný obal Premium pro Genesis II 400-série;2;240; 	2 437,26 Kč ; 	3 890,00 Kč ; 	95,58 € ; 	149,99 € ;Partner; 	1 881,98 Kč 
Příslušenství;Příslušenství - Basis plynový grils;;7136;0077924049897;Ochranný obal Premium pro Genesis II 600-série;2;240; 	2 892,26 Kč ; 	4 690,00 Kč ; 	113,42 € ; 	179,99 € ;Partner; 	2 233,31 Kč 
;;;7180;0077924059216;Prémiový ochranný obal pro Pulse 1000;4;608; 	503,37 Kč ; 	799,00 Kč ; 	19,74 € ; 	29,99 € ;Smart; 	388,69 Kč 
;;;7140;0077924059193;Prémiový ochranný obal pro Pulse 2000;4;608; 	583,95 Kč ; 	899,00 Kč ; 	22,90 € ; 	34,99 € ;Smart; 	450,91 Kč 
;;;7181;0077924059223;Prémiový ochranný obal pro Pulse 2000 s vozíkem;4;312; 	1 366,04 Kč ; 	1 990,00 Kč ; 	53,57 € ; 	79,99 € ;Smart; 	1 054,81 Kč 
Příslušenství;Příslušenství - pro dokonalé chvilky;;7159;0077924035739;Ochranný obal pro Weber Fireplace;2;500; 	602,25 Kč ; 	899,00 Kč ; 	23,62 € ; 	34,99 € ;Partner; 	465,04 Kč 
Příslušenství;Příslušenství - Basis gril na dřevěné uhlí;;7175;0077924048142;Weber® Ochranný obal, vhodný pro grily na dřevěné uhlí o velikosti 47 cm;5;600; 	579,65 Kč ; 	899,00 Kč ; 	22,73 € ; 	34,99 € ;Partner; 	447,59 Kč 
Příslušenství;Příslušenství - Basis gril na dřevěné uhlí;;7176;0077924048159;Weber® ochranný obal, vhodný pro grily na dřevěné uhlí o velikosti 57 cm;5;600; 	658,68 Kč ; 	999,00 Kč ; 	25,83 € ; 	39,99 € ;Partner; 	508,61 Kč 
Příslušenství;Příslušenství - Basis Weber Q;;7177;0077924048166;Weber® Ochranný obal, vhodný pro grily Q™ 100/1000 a 200/2000 za použití stojanu nebo vozíku;5;600; 	677,83 Kč ; 	999,00 Kč ; 	26,58 € ; 	39,99 € ;Partner; 	523,40 Kč 
Příslušenství;Příslušenství - Basis plynový grils;;7179;0077924048180;Ochranný obal pro Genesis II 300-série a další modely do šíře 152 cm;5;360; 	1 354,85 Kč ; 	1 990,00 Kč ; 	53,13 € ; 	79,99 € ;Partner; 	1 046,17 Kč 
Příslušenství;Příslušenství knihy;;;;;;;;;;;; 	-   Kč 
;;;45441;9788026045441;Weber grilování: Kuřecí maso;6;1008; 	207,57 Kč ; 	279,00 Kč ; 	7,99 € ; 	10,99 € ;Non; 	160,28 Kč 
;;;45489;9788026045489;Weber vegetariánské grilování;6;1008; 	207,57 Kč ; 	279,00 Kč ; 	7,99 € ; 	10,99 € ;Non; 	160,28 Kč 
;;;48649;9788055148649;Weber grilování: Steak SK;6;900; 	256,23 Kč ; 	299,00 Kč ; 	9,49 € ; 	11,99 € ;Non; 	197,85 Kč 
;;;48656;9788055148656;Weber grilování: Burger SK;6;900; 	256,23 Kč ; 	299,00 Kč ; 	9,49 € ; 	11,99 € ;Non; 	197,85 Kč 
Příslušenství;Příslušenství pro dokonalé chvilky;;;;;;;;;;;; 	-   Kč 
;;;17077;5707431000740;Weber® steaková sada Deluxe, 2 páry, ušl. ocel;3;720; 	1 258,63 Kč ; 	1 790,00 Kč ; 	49,36 € ; 	69,99 € ;Non; 	971,87 Kč 
;;;17845;0077924089855;Weber® steaková sada Deluxe, 6 párů, ušl. ocel;6;288; 	1 671,54 Kč ; 	2 490,00 Kč ; 	65,55 € ; 	99,99 € ;Non; 	1 290,71 Kč 
;;NOVÝ;17880;0077924122538;Talíř Ø 27,5 cm, sada 2 ks;1;; 	420,24 Kč ; 	649,00 Kč ; 	16,48 € ; 	24,99 € ;Non; 	324,50 Kč 
;;NOVÝ;17881;0077924122545;Dezertní talíř Ø 20,5 cm sada 2 ks;1;; 	252,20 Kč ; 	399,00 Kč ; 	9,89 € ; 	14,99 € ;Non; 	194,74 Kč 
;;NOVÝ;17882;0077924122552;Miska na salát 14 cm, malá, sada 2 ks;1;; 	252,20 Kč ; 	399,00 Kč ; 	9,89 € ; 	14,99 € ;Non; 	194,74 Kč 
;;NOVÝ;17884;0077924122576;Servírovací tác 40 x 22 cm;1;; 	840,74 Kč ; 	1 290,00 Kč ; 	32,97 € ; 	49,99 € ;Non; 	649,19 Kč 
Příslušenství;Příslušenství - pro dokonalé chvilky Küchenhelfer;NOVÝ;17883;0077924122569;Talíř na pizzu Ø 30,5 cm sada 2 ks;1;; 	504,39 Kč ; 	799,00 Kč ; 	19,78 € ; 	29,99 € ;Non; 	389,47 Kč 
Příslušenství;Příslušenství - pro dokonalé chvilky Küchenhelfer;NOVÝ;6489;0077924018923;Sada držáků na kukuřici;4;; 	232,15 Kč ; 	299,00 Kč ; 	9,10 € ; 	11,99 € ;Non; 	179,26 Kč 
Příslušenství;Příslušenství - pro dokonalé chvilky;;17058;5707431025637;Kámen na pizzu kulatý Ø 36 cm;4;120; 	769,08 Kč ; 	999,00 Kč ; 	30,16 € ; 	39,99 € ;Non; 	593,86 Kč 
;;NOVÝ;17067;5707431045321;Deluxe filetovací nůž;24;; 	652,29 Kč ; 	999,00 Kč ; 	25,58 € ; 	39,99 € ;Non; 	503,68 Kč 
;;NOVÝ;17070;5707431000573;Deluxe nůž šéfkuchaře, 24 cm;24;864; 	812,18 Kč ; 	1 290,00 Kč ; 	31,85 € ; 	49,99 € ;Non; 	627,14 Kč 
;;NOVÝ;17071;5707431000580;Deluxe nůž na zeleninu, velký, nerez. ocel;24;864; 	733,13 Kč ; 	1 190,00 Kč ; 	28,75 € ; 	44,99 € ;Non; 	566,10 Kč 
;;NOVÝ;17072;5707431000597;Deluxe nůž na pečivo;24;360; 	727,26 Kč ; 	1 190,00 Kč ; 	28,52 € ; 	44,99 € ;Non; 	561,57 Kč 
;;NOVÝ;17073;5707431000603;Deluxe nůž na zeleninu, malý, nerez. ocel;24;1152; 	570,69 Kč ; 	899,00 Kč ; 	22,38 € ; 	34,99 € ;Non; 	440,67 Kč 
;;NOVÝ;17074;5707431000610;Deluxe tranžírovací sada;12;588; 	1 480,53 Kč ; 	2 290,00 Kč ; 	58,06 € ; 	89,99 € ;Non; 	1 143,22 Kč 
;;NOVÝ;17081;5707431000825;Deluxe nůž na bylinky;24;1728; 	352,16 Kč ; 	549,00 Kč ; 	13,81 € ; 	19,99 € ;Non; 	271,93 Kč 
;;;17093;5707431000979;Mlýnek na pepř a sůl Premium 19 cm, černé (sada);10;300; 	1 333,45 Kč ; 	1 790,00 Kč ; 	52,29 € ; 	69,99 € ;Non; 	1 029,65 Kč 
Příslušenství;Příslušenství - pro dokonalé chvilky Küchenhelfer;;17275;5707431034608;Weber® slánka a pepřenka Premium 10 cm, černé (sada);6;1320; 	368,27 Kč ; 	549,00 Kč ; 	14,44 € ; 	19,99 € ;Non; 	284,37 Kč 
;;;17553;0077924027895;Weber® nádoba na marinádu a silikonový štětec;6;324; 	384,52 Kč ; 	549,00 Kč ; 	15,08 € ; 	19,99 € ;Non; 	296,91 Kč 
;;NOVÝ;17885;0077924122637;Keramická Plancha 39 x 31 cm;3;; 	1 338,50 Kč ; 	1 790,00 Kč ; 	52,49 € ; 	69,99 € ;Non; 	1 033,55 Kč 
;;NOVÝ;7665;0077924146404;Plancha pro Genesis II;1;; 	2 486,00 Kč ; 	3 290,00 Kč ; 	97,49 € ; 	129,99 € ;Non; 	1 919,61 Kč 
Příslušenství;Příslušenství - pro dokonalé chvilky;;6466;0077924007040;Deluxe Plancha, porcelánem smaltovaná litina, vhodný na grily Q™ 300/3000 série a vyšší verze;1;48; 	2 249,40 Kč ; 	2 990,00 Kč ; 	88,21 € ; 	119,99 € ;Partner; 	1 736,92 Kč 
Příslušenství;Příslušenství - pro dokonalé chvilky;;6465;0077924007019;Keramická grilovací deska - malá;3;162; 	1 002,66 Kč ; 	1 290,00 Kč ; 	39,32 € ; 	49,99 € ;Non; 	774,22 Kč 
Příslušenství;Příslušenství - pro dokonalé chvilky;;17509;0077924011757;Keramická grilovací deska - velká;3;72; 	1 466,00 Kč ; 	1 790,00 Kč ; 	57,49 € ; 	69,99 € ;Non; 	1 132,00 Kč 
;;NOVÝ;17886;0077924122644;Keramická grilovací pánev na rybu;4;; 	1 338,50 Kč ; 	1 790,00 Kč ; 	52,49 € ; 	69,99 € ;Non; 	1 033,55 Kč 
;;NOVÝ;17887;0077924122651;Keramická forma na koláč;4;; 	764,75 Kč ; 	999,00 Kč ; 	29,99 € ; 	39,99 € ;Non; 	590,52 Kč 
;;NOVÝ;17888;0077924122668;Keramický pekáč;2;; 	1 529,75 Kč ; 	1 990,00 Kč ; 	59,99 € ; 	79,99 € ;Non; 	1 181,22 Kč 
Příslušenství;Příslušenství - pro dokonalé chvilky Drehspieße;;17395;5707431045154;Weber® sada na otáčecí špíz, ušlechtilá ocel, obsahuje 6 krátkých a 6 dlouhých jehlic, vhodná pro všechny Weber otáčecí špízy;5;270; 	1 425,67 Kč ; 	1 790,00 Kč ; 	55,91 € ; 	69,99 € ;Partner; 	1 100,86 Kč 
Příslušenství;Příslušenství - pro dokonalé chvilky Drehspieße;;17588;0077924034787;Weber® drátěný koš na otáčecí špíz, vhodný na grily Q™ 200/2000 série a vyšší verze;4;72; 	1 243,87 Kč ; 	1 590,00 Kč ; 	48,78 € ; 	59,99 € ;Partner; 	960,48 Kč 
Příslušenství;Příslušenství - pro dokonalé chvilky;;6731;0077924018145;Deluxe stojan na drůbež;2;210; 	953,96 Kč ; 	1 290,00 Kč ; 	37,41 € ; 	49,99 € ;Partner; 	736,62 Kč 
Příslušenství;Příslušenství - pro dokonalé chvilky;;6483;0077924012020;Lis na hamburgery;6;600; 	265,32 Kč ; 	399,00 Kč ; 	10,40 € ; 	14,99 € ;Non; 	204,87 Kč 
Příslušenství;Příslušenství - Basis Weber Q;;6561;0077924021671;Tepelný štít, malý, 4 ks, vhodný na #6563;4;540; 	151,92 Kč ; 	199,00 Kč ; 	5,96 € ; 	7,99 € ;Non; 	117,31 Kč 
Příslušenství;Příslušenství - Basis Weber Q;;6563;0077924021718;Tepelný rošt, malý, vhodný na grily Q™ 100/1000 série, vhodný na #6561;4;780; 	439,03 Kč ; 	649,00 Kč ; 	17,22 € ; 	24,99 € ;Non; 	339,01 Kč 
Příslušenství;Příslušenství - Basis Weber Q;;6562;0077924021701;Tepelný štít, velký, 4 ks, vhodný na #6564;4;360; 	188,06 Kč ; 	279,00 Kč ; 	7,38 € ; 	9,99 € ;Non; 	145,21 Kč 
Příslušenství;Příslušenství - Basis Weber Q;;6564;0077924021787;Tepelný rošt, velký, vhodný na grily Q™ 200/2000 a 300/3000 série, vhodný na #6562;4;720; 	532,42 Kč ; 	799,00 Kč ; 	20,88 € ; 	29,99 € ;Non; 	411,12 Kč 
Příslušenství;Příslušenství - pro dokonalé chvilky;;2750;0077924028694;Fireplace - Ohniště černé;1;12; 	3 722,03 Kč ; 	4 990,00 Kč ; 	145,96 € ; 	199,99 € ;Partner; 	2 874,03 Kč 
Příslušenství;Příslušenství - pro dokonalé chvilky;;6435;0077924074899;Grilovací pánev Deluxe, ušlechtilá ocel, obdélníkový;6;360; 	531,00 Kč ; 	799,00 Kč ; 	20,82 € ; 	29,99 € ;Non; 	410,02 Kč 
Příslušenství;Příslušenství - pro dokonalé chvilky;;6481;0077924011122;Koš na zeleninu Deluxe, malý, ušl. ocel;6;1200; 	432,31 Kč ; 	649,00 Kč ; 	16,95 € ; 	24,99 € ;Non; 	333,82 Kč 
Příslušenství;Příslušenství - pro dokonalé chvilky;;6434;0077924074882;Grilovací koš Deluxe, ušlechtilá ocel, čtvercový;4;480; 	602,58 Kč ; 	899,00 Kč ; 	23,63 € ; 	34,99 € ;Non; 	465,29 Kč 
Příslušenství;Příslušenství - pro dokonalé chvilky;;6677;0077924018985;Koš na zeleninu, malý, ušlechtilá ocel;4;864; 	353,98 Kč ; 	549,00 Kč ; 	13,88 € ; 	19,99 € ;Non; 	273,33 Kč 
Příslušenství;Příslušenství - pro dokonalé chvilky;;6678;0077924018992;Koš na zeleninu, velký, ušlechtilá ocel;4;608; 	530,42 Kč ; 	799,00 Kč ; 	20,80 € ; 	29,99 € ;Non; 	409,57 Kč 
Příslušenství;Příslušenství - pro dokonalé chvilky;;6470;0077924011139;Držák na rybu a zeleninu, malý, ušlechtilá ocel, vhodný na plynové grily od Q™ 1000 série a vyšší verze a na grily na dřevěné uhlí o velikosti 37 cm a vyšší verze ;4;192; 	569,67 Kč ; 	799,00 Kč ; 	22,34 € ; 	29,99 € ;Non; 	439,88 Kč 
Příslušenství;Příslušenství - pro dokonalé chvilky;;6471;0077924010842;Držák na rybu a zeleninu, velký, ušlechtilá ocel, vhodný na plynové grily od Q™ 3000 série a vyšší verze a na grily na dřevěné uhlí o velikosti 57 cm a vyšší verze ;4;120; 	758,96 Kč ; 	999,00 Kč ; 	29,76 € ; 	39,99 € ;Non; 	586,05 Kč 
Příslušenství;Příslušenství - pro dokonalé chvilky;;6606;0077924021916;Kebab set, ušlechtilá ocel, obsahuje 5 jehlic;4;392; 	649,71 Kč ; 	899,00 Kč ; 	25,48 € ; 	34,99 € ;Non; 	501,69 Kč 
Příslušenství;Příslušenství - pro dokonalé chvilky;;6727;0077924021572;Stojan na kotlety a žebírka Deluxe, ušlechtilá ocel;2;200; 	915,82 Kč ; 	1 290,00 Kč ; 	35,91 € ; 	49,99 € ;Partner; 	707,17 Kč 
;Příslušenství - pro dokonalé chvilky Küchenhelfer;;8402;0077924075186;Dvojité špízy, 8 ks;12;1152; 	302,78 Kč ; 	449,00 Kč ; 	11,87 € ; 	17,99 € ;Non; 	233,80 Kč 
Příslušenství;Příslušenství - pro dokonalé chvilky;;6691;0077924031830;Lopatka na pizzu, z ušlechtilé oceli, otočná rukojeť pro snadné skladování;4;192; 	699,03 Kč ; 	899,00 Kč ; 	27,41 € ; 	34,99 € ;Non; 	539,77 Kč 
Příslušenství;Příslušenství - pro dokonalé chvilky;;6690;0077924031823;Kráječ na pizzu, Průměr 10 cm, ušlechtilá ocel;6;510; 	439,62 Kč ; 	649,00 Kč ; 	17,24 € ; 	24,99 € ;Non; 	339,46 Kč 
;Příslušenství - pro dokonalé chvilky Küchenhelfer;;6608;0077924021947;Bambusové špízy, 25 ks;12;1680; 	90,19 Kč ; 	129,00 Kč ; 	3,54 € ; 	4,99 € ;Non; 	69,64 Kč 
Příslušenství;Příslušenství - pro dokonalé chvilky;;6482;0077924011962;Stojan na drůbež;6;540; 	364,14 Kč ; 	549,00 Kč ; 	14,28 € ; 	19,99 € ;Non; 	281,18 Kč 
Příslušenství;Příslušenství - pro dokonalé chvilky;;6469;0077924010835;Stojan a kotlety a žebírka, vhodný na grily na dřevěné uhlí o velikosti 57 cm, Q™ 3000 série a vyšší verze;4;144; 	535,41 Kč ; 	799,00 Kč ; 	21,00 € ; 	29,99 € ;Non; 	413,43 Kč 
Příslušenství;Příslušenství na uzení;;;;;;;;;;;; 	-   Kč 
;;;7576;0077924011207;Univerzální udící box - pro všechny grily;4;400; 	587,39 Kč ; 	799,00 Kč ; 	23,03 € ; 	29,99 € ;Non; 	453,56 Kč 
;;NOVÝ;17179;5707431032420;Univerzální udící box, vhodný pro grily od Q™ 200/2000 série výše;6;432; 	587,39 Kč ; 	799,00 Kč ; 	23,03 € ; 	29,99 € ;Non; 	453,56 Kč 
;Příslušenství - pro dokonalé chvilky Räuchern;;17831;0077924083662;Udící prkénka z cedrového dřeva;6;858; 	481,95 Kč ; 	649,00 Kč ; 	18,90 € ; 	24,99 € ;Non; 	372,15 Kč 
;;NOVÝ;17832;0077924083679;Udící prkénka z cedrového dřeva pro jednu porci;6;; 	196,35 Kč ; 	279,00 Kč ; 	7,70 € ; 	9,99 € ;Non; 	151,62 Kč 
Příslušenství;Příslušenství - pro dokonalé chvilky Räuchern;;17619;0077924039461;Udící špalíky Hickory (bílý ořech);6;216; 	179,27 Kč ; 	279,00 Kč ; 	7,03 € ; 	9,99 € ;Non; 	138,43 Kč 
Příslušenství;Příslušenství - pro dokonalé chvilky Räuchern;;17621;0077924039492;Udící lupínky jablko;6;432; 	127,50 Kč ; 	179,00 Kč ; 	5,00 € ; 	6,99 € ;Non; 	98,45 Kč 
Příslušenství;Příslušenství - pro dokonalé chvilky Räuchern;;17624;0077924039522;Udící lupínky Hickory (bílý ořech);6;432; 	127,50 Kč ; 	179,00 Kč ; 	5,00 € ; 	6,99 € ;Non; 	98,45 Kč 
Příslušenství;Příslušenství - pro dokonalé chvilky Räuchern;;17627;0077924039577;Udící lupínky Whiskey;6;432; 	127,50 Kč ; 	179,00 Kč ; 	5,00 € ; 	6,99 € ;Non; 	98,45 Kč 
;Příslušenství - pro dokonalé chvilky Räuchern;;17833;0077924083686;Udící lupínky drůbež;6;432; 	127,50 Kč ; 	179,00 Kč ; 	5,00 € ; 	6,99 € ;Non; 	98,45 Kč 
Příslušenství;Příslušenství - pro dokonalé chvilky Räuchern;;17663;0077924048807;Udící lupínky hovězí maso;6;432; 	127,50 Kč ; 	179,00 Kč ; 	5,00 € ; 	6,99 € ;Non; 	98,45 Kč 
Příslušenství;Příslušenství - pro dokonalé chvilky Räuchern;;17664;0077924048838;Udící lupínky vepřové maso;6;432; 	127,50 Kč ; 	179,00 Kč ; 	5,00 € ; 	6,99 € ;Non; 	98,45 Kč 
Příslušenství;Příslušenství - pro dokonalé chvilky Räuchern;;17665;0077924048845;Udící lupínky mořské plody;6;432; 	127,50 Kč ; 	179,00 Kč ; 	5,00 € ; 	6,99 € ;Non; 	98,45 Kč 
Ostatní příslušenství;;;;;;;;;;;;; 	-   Kč 
Příslušenství;Příslušenství - Basis plynový grils;;8490;0077924040450;3 V 1 - Sada hadice, regulátoru a šroubení pro přestavbu na PB lahev;4;192; 	975,31 Kč ; 	1 290,00 Kč ; 	38,25 € ; 	49,99 € ;Partner; 	753,10 Kč 
Akční nabídka;;;;;;;;;;;;; 	-   Kč 
;;;53060047;0077924026607;Q 2000, Titan;1;8; 	5 890,50 Kč ;; 	231,00 € ;;Special Assortment; 	4 548,46 Kč 
;;;60010147;0077924077159;Genesis® II E-210 GBS;1;2; 	14 307,49 Kč ;; 	561,08 € ;;Partner; 	11 047,79 Kč 